"Newhall Basic Terms (C)","Newhall Homes","newhall homes for sale","phrase"
"Newhall Basic Terms (S)","Newhall Homes","newhall homes for sale","phrase"
"Newhall Basic Terms (N)","Newhall Homes","newhall homes for sale","phrase"
"Newhall Subdivisions (C)","Aliento Homes","aliento homes for sale","phrase"
"Newhall Subdivisions (C)","Aliento Homes","aliento homes for sale","phrase"
"Newhall Subdivisions (C)","Aliento Homes","aliento homes for sale","phrase"
"Newhall Subdivisions (C)","Aliento Homes","aliento homes for sale","phrase"
"Newhall Subdivisions (C)","Aliento Homes","aliento homes for sale","phrase"
"Newhall Subdivisions (C)","Aliento Homes","aliento homes for sale","phrase"
"Newhall Subdivisions (C)","Aliento Homes","aliento homes for sale","phrase"
"Newhall Subdivisions (S)","Aliento Homes","aliento homes for sale","phrase"
"Newhall Subdivisions (S)","Aliento Homes","aliento homes for sale","phrase"
"Newhall Subdivisions (S)","Aliento Homes","aliento homes for sale","phrase"
"Newhall Subdivisions (S)","Aliento Homes","aliento homes for sale","phrase"
"Newhall Subdivisions (S)","Aliento Homes","aliento homes for sale","phrase"
"Newhall Subdivisions (S)","Aliento Homes","aliento homes for sale","phrase"
"Newhall Subdivisions (S)","Aliento Homes","aliento homes for sale","phrase"
"Newhall Subdivisions (N)","Aliento Homes","aliento homes for sale","phrase"
"Newhall Subdivisions (N)","Aliento Homes","aliento homes for sale","phrase"
"Newhall Subdivisions (N)","Aliento Homes","aliento homes for sale","phrase"
"Newhall Subdivisions (N)","Aliento Homes","aliento homes for sale","phrase"
"Newhall Subdivisions (N)","Aliento Homes","aliento homes for sale","phrase"
"Newhall Subdivisions (N)","Aliento Homes","aliento homes for sale","phrase"
"Newhall Subdivisions (N)","Aliento Homes","aliento homes for sale","phrase"
"Newhall Subdivisions (C)","Aliento Condos","aliento condos for sale","phrase"
"Newhall Subdivisions (C)","Aliento Condos","aliento condos for sale","phrase"
"Newhall Subdivisions (C)","Aliento Condos","aliento condos for sale","phrase"
"Newhall Subdivisions (C)","Aliento Condos","aliento condos for sale","phrase"
"Newhall Subdivisions (C)","Aliento Condos","aliento condos for sale","phrase"
"Newhall Subdivisions (C)","Aliento Condos","aliento condos for sale","phrase"
"Newhall Subdivisions (C)","Aliento Condos","aliento condos for sale","phrase"
"Newhall Subdivisions (S)","Aliento Condos","aliento condos for sale","phrase"
"Newhall Subdivisions (S)","Aliento Condos","aliento condos for sale","phrase"
"Newhall Subdivisions (S)","Aliento Condos","aliento condos for sale","phrase"
"Newhall Subdivisions (S)","Aliento Condos","aliento condos for sale","phrase"
"Newhall Subdivisions (S)","Aliento Condos","aliento condos for sale","phrase"
"Newhall Subdivisions (S)","Aliento Condos","aliento condos for sale","phrase"
"Newhall Subdivisions (S)","Aliento Condos","aliento condos for sale","phrase"
"Newhall Subdivisions (N)","Aliento Condos","aliento condos for sale","phrase"
"Newhall Subdivisions (N)","Aliento Condos","aliento condos for sale","phrase"
"Newhall Subdivisions (N)","Aliento Condos","aliento condos for sale","phrase"
"Newhall Subdivisions (N)","Aliento Condos","aliento condos for sale","phrase"
"Newhall Subdivisions (N)","Aliento Condos","aliento condos for sale","phrase"
"Newhall Subdivisions (N)","Aliento Condos","aliento condos for sale","phrase"
"Newhall Subdivisions (N)","Aliento Condos","aliento condos for sale","phrase"
"Newhall Subdivisions (C)","Aliento Townhouses","aliento townhouses for sale","phrase"
"Newhall Subdivisions (C)","Aliento Townhouses","aliento townhouses for sale","phrase"
"Newhall Subdivisions (C)","Aliento Townhouses","aliento townhouses for sale","phrase"
"Newhall Subdivisions (C)","Aliento Townhouses","aliento townhouses for sale","phrase"
"Newhall Subdivisions (C)","Aliento Townhouses","aliento townhouses for sale","phrase"
"Newhall Subdivisions (C)","Aliento Townhouses","aliento townhouses for sale","phrase"
"Newhall Subdivisions (C)","Aliento Townhouses","aliento townhouses for sale","phrase"
"Newhall Subdivisions (S)","Aliento Townhouses","aliento townhouses for sale","phrase"
"Newhall Subdivisions (S)","Aliento Townhouses","aliento townhouses for sale","phrase"
"Newhall Subdivisions (S)","Aliento Townhouses","aliento townhouses for sale","phrase"
"Newhall Subdivisions (S)","Aliento Townhouses","aliento townhouses for sale","phrase"
"Newhall Subdivisions (S)","Aliento Townhouses","aliento townhouses for sale","phrase"
"Newhall Subdivisions (S)","Aliento Townhouses","aliento townhouses for sale","phrase"
"Newhall Subdivisions (S)","Aliento Townhouses","aliento townhouses for sale","phrase"
"Newhall Subdivisions (N)","Aliento Townhouses","aliento townhouses for sale","phrase"
"Newhall Subdivisions (N)","Aliento Townhouses","aliento townhouses for sale","phrase"
"Newhall Subdivisions (N)","Aliento Townhouses","aliento townhouses for sale","phrase"
"Newhall Subdivisions (N)","Aliento Townhouses","aliento townhouses for sale","phrase"
"Newhall Subdivisions (N)","Aliento Townhouses","aliento townhouses for sale","phrase"
"Newhall Subdivisions (N)","Aliento Townhouses","aliento townhouses for sale","phrase"
"Newhall Subdivisions (N)","Aliento Townhouses","aliento townhouses for sale","phrase"
"Newhall Anti-Branding (C)","Newhall Zillow","homes for sale newhall zillow","phrase"
"Newhall Anti-Branding (C)","Newhall Realtor","homes for sale newhall realtor","phrase"
"Newhall Anti-Branding (C)","Newhall Redfin","homes for sale newhall redfin","phrase"
"Newhall Anti-Branding (S)","Newhall Zillow","homes for sale newhall zillow","phrase"
"Newhall Anti-Branding (S)","Newhall Realtor","homes for sale newhall realtor","phrase"
"Newhall Anti-Branding (S)","Newhall Redfin","homes for sale newhall redfin","phrase"
"Newhall Anti-Branding (N)","Newhall Zillow","homes for sale newhall zillow","phrase"
"Newhall Anti-Branding (N)","Newhall Realtor","homes for sale newhall realtor","phrase"
"Newhall Anti-Branding (N)","Newhall Redfin","homes for sale newhall redfin","phrase"
